Property,Mean_Contract_Price,Semester,Year,Management_Name,Gender,Residents
Abby Lane Manor,1100,WI,2022,Independent,F,42
Abby Lane Manor,1200,WI,2023,Independent,F,42
Abby Lane Manor,1200,WI,2024,Independent,F,42
Abby Lane Manor,1200,WI,2025,Independent,F,42
Abby Lane Manor,1100,SP,2022,Independent,F,42
Abby Lane Manor,1200,SP,2023,Independent,F,42
Abby Lane Manor,1200,SP,2024,Independent,F,42
Abby Lane Manor,1200,SP,2025,Independent,F,42
Abri Apartments - Men,1418,WI,2022,Redstone,M,276
Abri Apartments - Men,1360,WI,2023,Redstone,M,276
Abri Apartments - Men,1660,WI,2024,Redstone,M,276
Abri Apartments - Men,1730,WI,2025,Redstone,M,276
Abri Apartments - Men,1640,SP,2022,Redstone,M,276
Abri Apartments - Men,1565,SP,2023,Redstone,M,276
Abri Apartments - Men,1360,SP,2024,Redstone,M,276
Abri Apartments - Men,1409,SP,2025,Redstone,M,276
Abri Apartments - Women,1386,WI,2022,Redstone,F,276
Abri Apartments - Women,1610,WI,2023,Redstone,F,276
Abri Apartments - Women,1660,WI,2024,Redstone,F,276
Abri Apartments - Women,1730,WI,2025,Redstone,F,276
Abri Apartments - Women,1386,SP,2022,Redstone,F,276
Abri Apartments - Women,1610,SP,2023,Redstone,F,276
Abri Apartments - Women,1360,SP,2024,Redstone,F,276
Abri Apartments - Women,1409,SP,2025,Redstone,F,276
Alldredge House,1045,WI,2022,Independent,M,8
Alldredge House,1045,WI,2023,Independent,M,8
Alldredge House,1045,WI,2024,Independent,M,8
Alldredge House,1145,WI,2025,Independent,M,8
Alldredge House,1045,SP,2022,Independent,M,8
Alldredge House,1045,SP,2023,Independent,M,8
Alldredge House,1045,SP,2024,Independent,M,8
Alldredge House,1145,SP,2025,Independent,M,8
Allen's Sunrise Village - Men,1108,WI,2022,Covey,M,282
Allen's Sunrise Village - Men,1122,WI,2023,Covey,M,282
Allen's Sunrise Village - Men,1182,WI,2024,Covey,M,282
Allen's Sunrise Village - Men,1182,WI,2025,Covey,M,282
Allen's Sunrise Village - Men,1008,SP,2022,Covey,M,282
Allen's Sunrise Village - Men,1072,SP,2023,Covey,M,282
Allen's Sunrise Village - Men,1057,SP,2024,Covey,M,282
Allen's Sunrise Village - Men,1072,SP,2025,Covey,M,282
Allen's Sunrise Village - Womens,1125,WI,2022,Covey,F,282
Allen's Sunrise Village - Womens,1160,WI,2023,Covey,F,282
Allen's Sunrise Village - Womens,1225,WI,2024,Covey,F,282
Allen's Sunrise Village - Womens,1248,WI,2025,Covey,F,282
Allen's Sunrise Village - Womens,1075,SP,2022,Covey,F,282
Allen's Sunrise Village - Womens,1110,SP,2023,Covey,F,282
Allen's Sunrise Village - Womens,1123,SP,2024,Covey,F,282
Allen's Sunrise Village - Womens,1110,SP,2025,Covey,F,282
Alpine Chalet ,1085,WI,2022,Redstone,M,162
Alpine Chalet ,1030,WI,2023,Redstone,M,162
Alpine Chalet ,966,WI,2024,Redstone,M,162
Alpine Chalet ,999,WI,2025,Redstone,M,162
Alpine Chalet ,1030,SP,2022,Redstone,M,162
Alpine Chalet ,1030,SP,2023,Redstone,M,162
Alpine Chalet ,1049,SP,2024,Redstone,M,162
Alpine Chalet ,1016,SP,2025,Redstone,M,162
American Avenue - Men,1325,WI,2022,Covey,M,224
American Avenue - Men,1355,WI,2023,Covey,M,224
American Avenue - Men,1505,WI,2024,Covey,M,224
American Avenue - Men,1538,WI,2025,Covey,M,224
American Avenue - Men,1250,SP,2022,Covey,M,224
American Avenue - Men,1313,SP,2023,Covey,M,224
American Avenue - Men,1397,SP,2024,Covey,M,224
American Avenue - Men,1313,SP,2025,Covey,M,224
American Avenue - Women,1150,WI,2022,Covey,F,224
American Avenue - Women,1175,WI,2023,Covey,F,224
American Avenue - Women,1225,WI,2024,Covey,F,224
American Avenue - Women,1225,WI,2025,Covey,F,224
American Avenue - Women,1025,SP,2022,Covey,F,224
American Avenue - Women,1125,SP,2023,Covey,F,224
American Avenue - Women,1150,SP,2024,Covey,F,224
American Avenue - Women,1025,SP,2025,Covey,F,224
Arcadia Apartments,995,WI,2022,Connextion,M,41
Arcadia Apartments,995,WI,2023,Connextion,M,41
Arcadia Apartments,995,WI,2024,Connextion,M,41
Arcadia Apartments,1095,WI,2025,Connextion,M,41
Arcadia Apartments,995,SP,2022,Connextion,M,41
Arcadia Apartments,945,SP,2023,Connextion,M,41
Arcadia Apartments,945,SP,2024,Connextion,M,41
Arcadia Apartments,945,SP,2025,Connextion,M,41
At The Grove,1150,WI,2022,Independent,F,6
At The Grove,1150,WI,2023,Independent,F,6
At The Grove,1250,WI,2024,Independent,F,6
At The Grove,1300,WI,2025,Independent,F,6
At The Grove,1150,SP,2022,Independent,F,6
At The Grove,1150,SP,2023,Independent,F,6
At The Grove,1350,SP,2024,Independent,F,6
At The Grove,900,SP,2025,Independent,F,6
Autumn Winds - Men,1665,WI,2022,First Serve,M,120
Autumn Winds - Men,1665,WI,2023,First Serve,M,120
Autumn Winds - Men,1850,WI,2024,First Serve,M,120
Autumn Winds - Men,1979,WI,2025,First Serve,M,120
Autumn Winds - Men,1725,SP,2022,First Serve,M,120
Autumn Winds - Men,1665,SP,2023,First Serve,M,120
Autumn Winds - Men,1725,SP,2024,First Serve,M,120
Autumn Winds - Men,1979,SP,2025,First Serve,M,120
Autumn Winds - Women,1665,WI,2022,First Serve,F,120
Autumn Winds - Women,1725,WI,2023,First Serve,F,120
Autumn Winds - Women,1850,WI,2024,First Serve,F,120
Autumn Winds - Women,1979,WI,2025,First Serve,F,120
Autumn Winds - Women,1725,SP,2022,First Serve,F,120
Autumn Winds - Women,1725,SP,2023,First Serve,F,120
Autumn Winds - Women,1875,SP,2024,First Serve,F,120
Autumn Winds - Women,1939,SP,2025,First Serve,F,120
Avonlea For Men,1102,WI,2022,First Serve,M,142
Avonlea For Men,1124,WI,2023,First Serve,M,142
Avonlea For Men,1177,WI,2024,First Serve,M,142
Avonlea For Men,1206,WI,2025,First Serve,M,142
Avonlea For Men,1102,SP,2022,First Serve,M,142
Avonlea For Men,1124,SP,2023,First Serve,M,142
Avonlea For Men,1177,SP,2024,First Serve,M,142
Avonlea For Men,1206,SP,2025,First Serve,M,142
Avonlea For Women,1312,WI,2022,First Serve,F,142
Avonlea For Women,1345,WI,2023,First Serve,F,142
Avonlea For Women,1398,WI,2024,First Serve,F,142
Avonlea For Women,1435,WI,2025,First Serve,F,142
Avonlea For Women,1312,SP,2022,First Serve,F,142
Avonlea For Women,1345,SP,2023,First Serve,F,142
Avonlea For Women,1398,SP,2024,First Serve,F,142
Avonlea For Women,1435,SP,2025,First Serve,F,142
Avonlea House,1003,WI,2022,First Serve,M,142
Avonlea House,1003,WI,2023,First Serve,M,142
Avonlea House,1028,WI,2024,First Serve,M,142
Avonlea House,1058,WI,2025,First Serve,M,142
Avonlea House,1003,SP,2022,First Serve,M,142
Avonlea House,1003,SP,2023,First Serve,M,142
Avonlea House,1028,SP,2024,First Serve,M,142
Avonlea House,1058,SP,2025,First Serve,M,142
Bayside Manor ,985,WI,2022,Independent,F,8
Bayside Manor ,985,WI,2023,Independent,F,8
Bayside Manor ,985,WI,2024,Independent,F,8
Bayside Manor ,985,WI,2025,Independent,F,8
Bayside Manor ,985,SP,2022,Independent,F,8
Bayside Manor ,985,SP,2023,Independent,F,8
Bayside Manor ,985,SP,2024,Independent,F,8
Bayside Manor ,917,SP,2025,Independent,F,8
Birch Plaza - Men,1200,WI,2022,Redstone,M,271
Birch Plaza - Men,1200,WI,2023,Redstone,M,271
Birch Plaza - Men,1065,WI,2024,Redstone,M,271
Birch Plaza - Men,1199,WI,2025,Redstone,M,271
Birch Plaza - Men,1185,SP,2022,Redstone,M,271
Birch Plaza - Men,1200,SP,2023,Redstone,M,271
Birch Plaza - Men,999,SP,2024,Redstone,M,271
Birch Plaza - Men,1200,SP,2025,Redstone,M,271
Birch Plaza - Women,1200,WI,2022,Redstone,F,271
Birch Plaza - Women,1200,WI,2023,Redstone,F,271
Birch Plaza - Women,1065,WI,2024,Redstone,F,271
Birch Plaza - Women,1199,WI,2025,Redstone,F,271
Birch Plaza - Women,1185,SP,2022,Redstone,F,271
Birch Plaza - Women,1200,SP,2023,Redstone,F,271
Birch Plaza - Women,999,SP,2024,Redstone,F,271
Birch Plaza - Women,1200,SP,2025,Redstone,F,271
Birch Wood I,1235,WI,2022,Redstone,F,65
Birch Wood I,1235,WI,2023,Redstone,F,65
Birch Wood I,1065,WI,2024,Redstone,F,65
Birch Wood I,1299,WI,2025,Redstone,F,65
Birch Wood I,1215,SP,2022,Redstone,F,65
Birch Wood I,1235,SP,2023,Redstone,F,65
Birch Wood I,1059,SP,2024,Redstone,F,65
Birch Wood I,1235,SP,2025,Redstone,F,65
Birch Wood II,1425,WI,2022,Redstone,F,24
Birch Wood II,1425,WI,2023,Redstone,F,24
Birch Wood II,1415,WI,2024,Redstone,F,24
Birch Wood II,1549,WI,2025,Redstone,F,24
Birch Wood II,1415,SP,2022,Redstone,F,24
Birch Wood II,1425,SP,2023,Redstone,F,24
Birch Wood II,1483,SP,2024,Redstone,F,24
Birch Wood II,1425,SP,2025,Redstone,F,24
Bountiful Place,1175,WI,2022,Connextion,M,130
Bountiful Place,1099,WI,2023,Connextion,M,130
Bountiful Place,995,WI,2024,Connextion,M,130
Bountiful Place,995,WI,2025,Connextion,M,130
Bountiful Place,1049,SP,2022,Connextion,M,130
Bountiful Place,1099,SP,2023,Connextion,M,130
Bountiful Place,975,SP,2024,Connextion,M,130
Bountiful Place,950,SP,2025,Connextion,M,130
Brighton Apartments - Men,1300,WI,2022,Connextion,M,168
Brighton Apartments - Men,1325,WI,2023,Connextion,M,168
Brighton Apartments - Men,1425,WI,2024,Connextion,M,168
Brighton Apartments - Men,1400,WI,2025,Connextion,M,168
Brighton Apartments - Men,1300,SP,2022,Connextion,M,168
Brighton Apartments - Men,1325,SP,2023,Connextion,M,168
Brighton Apartments - Men,1450,SP,2024,Connextion,M,168
Brighton Apartments - Men,1388,SP,2025,Connextion,M,168
Brighton Apartments - Women,1375,WI,2022,Connextion,F,168
Brighton Apartments - Women,1400,WI,2023,Connextion,F,168
Brighton Apartments - Women,1400,WI,2024,Connextion,F,168
Brighton Apartments - Women,1450,WI,2025,Connextion,F,168
Brighton Apartments - Women,1375,SP,2022,Connextion,F,168
Brighton Apartments - Women,1400,SP,2023,Connextion,F,168
Brighton Apartments - Women,1400,SP,2024,Connextion,F,168
Brighton Apartments - Women,1450,SP,2025,Connextion,F,168
Brooklyn Apartments,995,WI,2022,Craigland,F,144
Brooklyn Apartments,895,WI,2023,Craigland,F,144
Brooklyn Apartments,995,WI,2024,Craigland,F,144
Brooklyn Apartments,1045,WI,2025,Craigland,F,144
Brooklyn Apartments,895,SP,2022,Craigland,F,144
Brooklyn Apartments,995,SP,2023,Craigland,F,144
Brooklyn Apartments,995,SP,2024,Craigland,F,144
Brooklyn Apartments,973,SP,2025,Craigland,F,144
Brookside Village - Men,1485,WI,2022,Redstone,M,146
Brookside Village - Men,1650,WI,2023,Redstone,M,146
Brookside Village - Men,1750,WI,2024,Redstone,M,146
Brookside Village - Men,1799,WI,2025,Redstone,M,146
Brookside Village - Men,1575,SP,2022,Redstone,M,146
Brookside Village - Men,1750,SP,2023,Redstone,M,146
Brookside Village - Men,1775,SP,2024,Redstone,M,146
Brookside Village - Men,1799,SP,2025,Redstone,M,146
Brookside Village - Women,1385,WI,2022,Redstone,F,146
Brookside Village - Women,1750,WI,2023,Redstone,F,146
Brookside Village - Women,1750,WI,2024,Redstone,F,146
Brookside Village - Women,1799,WI,2025,Redstone,F,146
Brookside Village - Women,1575,SP,2022,Redstone,F,146
Brookside Village - Women,1750,SP,2023,Redstone,F,146
Brookside Village - Women,1775,SP,2024,Redstone,F,146
Brookside Village - Women,1750,SP,2025,Redstone,F,146
Bunkhouse,945,WI,2022,Craigland,M,324
Bunkhouse,895,WI,2023,Craigland,M,324
Bunkhouse,995,WI,2024,Craigland,M,324
Bunkhouse,1083,WI,2025,Craigland,M,324
Bunkhouse,895,SP,2022,Craigland,M,324
Bunkhouse,995,SP,2023,Craigland,M,324
Bunkhouse,995,SP,2024,Craigland,M,324
Bunkhouse,965,SP,2025,Craigland,M,324
Camden Apartments - Men,1450,WI,2022,Redstone,M,77
Camden Apartments - Men,1575,WI,2023,Redstone,M,77
Camden Apartments - Men,1640,WI,2024,Redstone,M,77
Camden Apartments - Men,1750,WI,2025,Redstone,M,77
Camden Apartments - Men,1525,SP,2022,Redstone,M,77
Camden Apartments - Men,1575,SP,2023,Redstone,M,77
Camden Apartments - Men,1640,SP,2024,Redstone,M,77
Camden Apartments - Men,1705,SP,2025,Redstone,M,77
Camden Apartments - Women,1383,WI,2022,Redstone,F,77
Camden Apartments - Women,1542,WI,2023,Redstone,F,77
Camden Apartments - Women,1623,WI,2024,Redstone,F,77
Camden Apartments - Women,1727,WI,2025,Redstone,F,77
Camden Apartments - Women,1450,SP,2022,Redstone,F,77
Camden Apartments - Women,1542,SP,2023,Redstone,F,77
Camden Apartments - Women,1623,SP,2024,Redstone,F,77
Camden Apartments - Women,1682,SP,2025,Redstone,F,77
Carriage House,1175,WI,2022,First Serve,F,234
Carriage House,1195,WI,2023,First Serve,F,234
Carriage House,1255,WI,2024,First Serve,F,234
Carriage House,1290,WI,2025,First Serve,F,234
Carriage House,1175,SP,2022,First Serve,F,234
Carriage House,1195,SP,2023,First Serve,F,234
Carriage House,1255,SP,2024,First Serve,F,234
Carriage House,1290,SP,2025,First Serve,F,234
Carriage House Townhouse,1295,WI,2022,First Serve,F,8
Carriage House Townhouse,1225,WI,2023,First Serve,F,8
Carriage House Townhouse,1285,WI,2024,First Serve,F,8
Carriage House Townhouse,1320,WI,2025,First Serve,F,8
Carriage House Townhouse,1195,SP,2022,First Serve,F,8
Carriage House Townhouse,1225,SP,2023,First Serve,F,8
Carriage House Townhouse,1285,SP,2024,First Serve,F,8
Carriage House Townhouse,1320,SP,2025,First Serve,F,8
"Cedars, The - Men",1395,WI,2022,Hemming,M,798
"Cedars, The - Men",1545,WI,2023,Hemming,M,798
"Cedars, The - Men",1745,WI,2024,Hemming,M,798
"Cedars, The - Men",1545,WI,2025,Hemming,M,798
"Cedars, The - Men",1195,SP,2022,Hemming,M,798
"Cedars, The - Men",1295,SP,2023,Hemming,M,798
"Cedars, The - Men",1495,SP,2024,Hemming,M,798
"Cedars, The - Men",1295,SP,2025,Hemming,M,798
"Cedars, The - Women",1545,WI,2022,Hemming,F,798
"Cedars, The - Women",1575,WI,2023,Hemming,F,798
"Cedars, The - Women",1795,WI,2024,Hemming,F,798
"Cedars, The - Women",1695,WI,2025,Hemming,F,798
"Cedars, The - Women",1345,SP,2022,Hemming,F,798
"Cedars, The - Women",1395,SP,2023,Hemming,F,798
"Cedars, The - Women",1545,SP,2024,Hemming,F,798
"Cedars, The - Women",1345,SP,2025,Hemming,F,798
Centre Square - Men,1299,WI,2022,BYU-Idaho,M,850
Centre Square - Men,1299,WI,2023,BYU-Idaho,M,850
Centre Square - Men,1299,WI,2024,BYU-Idaho,M,850
Centre Square - Men,1299,WI,2025,BYU-Idaho,M,850
Centre Square - Men,1199,SP,2022,BYU-Idaho,M,850
Centre Square - Men,1199,SP,2023,BYU-Idaho,M,850
Centre Square - Men,1199,SP,2024,BYU-Idaho,M,850
Centre Square - Men,1199,SP,2025,BYU-Idaho,M,850
Centre Square - Women,1299,WI,2022,BYU-Idaho,F,850
Centre Square - Women,1299,WI,2023,BYU-Idaho,F,850
Centre Square - Women,1299,WI,2024,BYU-Idaho,F,850
Centre Square - Women,1299,WI,2025,BYU-Idaho,F,850
Centre Square - Women,1199,SP,2022,BYU-Idaho,F,850
Centre Square - Women,1199,SP,2023,BYU-Idaho,F,850
Centre Square - Women,1199,SP,2024,BYU-Idaho,F,850
Centre Square - Women,1199,SP,2025,BYU-Idaho,F,850
Clarke Apartments ,1025,WI,2022,Connextion,M,42
Clarke Apartments ,1025,WI,2023,Connextion,M,42
Clarke Apartments ,1025,WI,2024,Connextion,M,42
Clarke Apartments ,1095,WI,2025,Connextion,M,42
Clarke Apartments ,945,SP,2022,Connextion,M,42
Clarke Apartments ,1025,SP,2023,Connextion,M,42
Clarke Apartments ,995,SP,2024,Connextion,M,42
Clarke Apartments ,995,SP,2025,Connextion,M,42
College Avenue Apartments,1050,WI,2022,Independent,F,8
College Avenue Apartments,995,WI,2023,Independent,F,8
College Avenue Apartments,1223,WI,2024,Independent,F,8
College Avenue Apartments,1275,WI,2025,Independent,F,8
College Avenue Apartments,1150,SP,2022,Independent,F,8
College Avenue Apartments,1225,SP,2023,Independent,F,8
College Avenue Apartments,1223,SP,2024,Independent,F,8
College Avenue Apartments,1275,SP,2025,Independent,F,8
Colonial Heights Townhouses,900,WI,2022,Independent,M,64
Colonial Heights Townhouses,900,WI,2023,Independent,M,64
Colonial Heights Townhouses,900,WI,2024,Independent,M,64
Colonial Heights Townhouses,900,WI,2025,Independent,M,64
Colonial Heights Townhouses,900,SP,2022,Independent,M,64
Colonial Heights Townhouses,900,SP,2023,Independent,M,64
Colonial Heights Townhouses,900,SP,2024,Independent,M,64
Colonial Heights Townhouses,900,SP,2025,Independent,M,64
Colonial House - Men,1160,WI,2022,Redstone,M,342
Colonial House - Men,1395,WI,2023,Redstone,M,342
Colonial House - Men,1415,WI,2024,Redstone,M,342
Colonial House - Men,1445,WI,2025,Redstone,M,342
Colonial House - Men,1160,SP,2022,Redstone,M,342
Colonial House - Men,1385,SP,2023,Redstone,M,342
Colonial House - Men,1325,SP,2024,Redstone,M,342
Colonial House - Men,1535,SP,2025,Redstone,M,342
Colonial House - Women,1160,WI,2022,Redstone,F,342
Colonial House - Women,1395,WI,2023,Redstone,F,342
Colonial House - Women,1435,WI,2024,Redstone,F,342
Colonial House - Women,1415,WI,2025,Redstone,F,342
Colonial House - Women,1160,SP,2022,Redstone,F,342
Colonial House - Women,1385,SP,2023,Redstone,F,342
Colonial House - Women,1325,SP,2024,Redstone,F,342
Colonial House - Women,1535,SP,2025,Redstone,F,342
Cottonwood - Men,995,WI,2022,Craigland,M,144
Cottonwood - Men,995,WI,2023,Craigland,M,144
Cottonwood - Men,995,WI,2024,Craigland,M,144
Cottonwood - Men,995,WI,2025,Craigland,M,144
Cottonwood - Men,995,SP,2022,Craigland,M,144
Cottonwood - Men,995,SP,2023,Craigland,M,144
Cottonwood - Men,995,SP,2024,Craigland,M,144
Cottonwood - Men,995,SP,2025,Craigland,M,144
Cottonwood - Women,995,WI,2022,Craigland,F,144
Cottonwood - Women,995,WI,2023,Craigland,F,144
Cottonwood - Women,995,WI,2024,Craigland,F,144
Cottonwood - Women,995,WI,2025,Craigland,F,144
Cottonwood - Women,895,SP,2022,Craigland,F,144
Cottonwood - Women,895,SP,2023,Craigland,F,144
Cottonwood - Women,995,SP,2024,Craigland,F,144
Cottonwood - Women,995,SP,2025,Craigland,F,144
"Cove, The - Men",1561,WI,2022,Ball Ventures,M,447
"Cove, The - Men",1668,WI,2023,Ball Ventures,M,447
"Cove, The - Men",1668,WI,2024,Ball Ventures,M,447
"Cove, The - Men",1750,WI,2025,Ball Ventures,M,447
"Cove, The - Men",1561,SP,2022,Ball Ventures,M,447
"Cove, The - Men",1718,SP,2023,Ball Ventures,M,447
"Cove, The - Men",1350,SP,2024,Ball Ventures,M,447
"Cove, The - Men",1425,SP,2025,Ball Ventures,M,447
"Cove, The - Women",1537,WI,2022,Ball Ventures,F,447
"Cove, The - Women",1599,WI,2023,Ball Ventures,F,447
"Cove, The - Women",1664,WI,2024,Ball Ventures,F,447
"Cove, The - Women",1750,WI,2025,Ball Ventures,F,447
"Cove, The - Women",1537,SP,2022,Ball Ventures,F,447
"Cove, The - Women",1657,SP,2023,Ball Ventures,F,447
"Cove, The - Women",1350,SP,2024,Ball Ventures,F,447
"Cove, The - Women",1450,SP,2025,Ball Ventures,F,447
Creekside,1350,WI,2022,Independent,M,34
Creekside,1350,WI,2023,Independent,M,34
Creekside,1400,WI,2024,Independent,M,34
Creekside,1425,WI,2025,Independent,M,34
Creekside,1350,SP,2022,Independent,M,34
Creekside,1350,SP,2023,Independent,M,34
Creekside,1400,SP,2024,Independent,M,34
Creekside,1400,SP,2025,Independent,M,34
Creekside Cottages,1317,WI,2022,Independent,F,34
Creekside Cottages,1317,WI,2023,Independent,F,34
Creekside Cottages,1367,WI,2024,Independent,F,34
Creekside Cottages,1383,WI,2025,Independent,F,34
Creekside Cottages,1317,SP,2022,Independent,F,34
Creekside Cottages,1317,SP,2023,Independent,F,34
Creekside Cottages,1367,SP,2024,Independent,F,34
Creekside Cottages,1467,SP,2025,Independent,F,34
Crestwood Apartments,940,WI,2022,Connextion,M,50
Crestwood Apartments,995,WI,2023,Connextion,M,50
Crestwood Apartments,995,WI,2024,Connextion,M,50
Crestwood Apartments,995,WI,2025,Connextion,M,50
Crestwood Apartments,940,SP,2022,Connextion,M,50
Crestwood Apartments,995,SP,2023,Connextion,M,50
Crestwood Apartments,995,SP,2024,Connextion,M,50
Crestwood Apartments,995,SP,2025,Connextion,M,50
Crestwood Cottage,940,WI,2022,Connextion,F,10
Crestwood Cottage,995,WI,2023,Connextion,F,10
Crestwood Cottage,1095,WI,2024,Connextion,F,10
Crestwood Cottage,995,WI,2025,Connextion,F,10
Crestwood Cottage,940,SP,2022,Connextion,F,10
Crestwood Cottage,995,SP,2023,Connextion,F,10
Crestwood Cottage,995,SP,2024,Connextion,F,10
Crestwood Cottage,995,SP,2025,Connextion,F,10
Crestwood House,895,WI,2022,Connextion,M,11
Crestwood House,895,WI,2023,Connextion,M,11
Crestwood House,895,WI,2024,Connextion,M,11
Crestwood House,895,WI,2025,Connextion,M,11
Crestwood House,895,SP,2022,Connextion,M,11
Crestwood House,895,SP,2023,Connextion,M,11
Crestwood House,895,SP,2024,Connextion,M,11
Crestwood House,895,SP,2025,Connextion,M,11
Davenport Apartments,895,WI,2022,Independent,F,71
Davenport Apartments,825,WI,2023,Independent,F,71
Davenport Apartments,895,WI,2024,Independent,F,71
Davenport Apartments,945,WI,2025,Independent,F,71
Davenport Apartments,825,SP,2022,Independent,F,71
Davenport Apartments,825,SP,2023,Independent,F,71
Davenport Apartments,875,SP,2024,Independent,F,71
Davenport Apartments,875,SP,2025,Independent,F,71
Delta Phi Apartments,1045,WI,2022,Covey,M,60
Delta Phi Apartments,1095,WI,2023,Covey,M,60
Delta Phi Apartments,1095,WI,2024,Covey,M,60
Delta Phi Apartments,1145,WI,2025,Covey,M,60
Delta Phi Apartments,970,SP,2022,Covey,M,60
Delta Phi Apartments,1020,SP,2023,Covey,M,60
Delta Phi Apartments,1020,SP,2024,Covey,M,60
Delta Phi Apartments,945,SP,2025,Covey,M,60
"Gates, The - Men",1655,WI,2022,Redstone,M,582
"Gates, The - Men",1700,WI,2023,Redstone,M,582
"Gates, The - Men",1413,WI,2024,Redstone,M,582
"Gates, The - Men",1695,WI,2025,Redstone,M,582
"Gates, The - Men",1630,SP,2022,Redstone,M,582
"Gates, The - Men",1645,SP,2023,Redstone,M,582
"Gates, The - Men",1740,SP,2024,Redstone,M,582
"Gates, The - Men",1850,SP,2025,Redstone,M,582
"Gates, The - Women",1655,WI,2022,Redstone,F,582
"Gates, The - Women",1740,WI,2023,Redstone,F,582
"Gates, The - Women",1413,WI,2024,Redstone,F,582
"Gates, The - Women",1695,WI,2025,Redstone,F,582
"Gates, The - Women",1630,SP,2022,Redstone,F,582
"Gates, The - Women",1645,SP,2023,Redstone,F,582
"Gates, The - Women",1400,SP,2024,Redstone,F,582
"Gates, The - Women",1695,SP,2025,Redstone,F,582
Georgetown Apartments,985,WI,2022,Redstone,M,72
Georgetown Apartments,1165,WI,2023,Redstone,M,72
Georgetown Apartments,1185,WI,2024,Redstone,M,72
Georgetown Apartments,1099,WI,2025,Redstone,M,72
Georgetown Apartments,1115,SP,2022,Redstone,M,72
Georgetown Apartments,1065,SP,2023,Redstone,M,72
Georgetown Apartments,1000,SP,2024,Redstone,M,72
Georgetown Apartments,1099,SP,2025,Redstone,M,72
Greenbrier - Men,1065,WI,2022,First Serve,M,140
Greenbrier - Men,1065,WI,2023,First Serve,M,140
Greenbrier - Men,1115,WI,2024,First Serve,M,140
Greenbrier - Men,1130,WI,2025,First Serve,M,140
Greenbrier - Men,1065,SP,2022,First Serve,M,140
Greenbrier - Men,1065,SP,2023,First Serve,M,140
Greenbrier - Men,1115,SP,2024,First Serve,M,140
Greenbrier - Men,1130,SP,2025,First Serve,M,140
Greenbrier - Women,1145,WI,2022,First Serve,F,140
Greenbrier - Women,1170,WI,2023,First Serve,F,140
Greenbrier - Women,1217,WI,2024,First Serve,F,140
Greenbrier - Women,1255,WI,2025,First Serve,F,140
Greenbrier - Women,1145,SP,2022,First Serve,F,140
Greenbrier - Women,1170,SP,2023,First Serve,F,140
Greenbrier - Women,1217,SP,2024,First Serve,F,140
Greenbrier - Women,1255,SP,2025,First Serve,F,140
Blue Door - Men,985,WI,2022,First Serve,M,48
Blue Door - Men,985,WI,2023,First Serve,M,48
Blue Door - Men,1025,WI,2024,First Serve,M,48
Blue Door - Men,1050,WI,2025,First Serve,M,48
Blue Door - Men,985,SP,2022,First Serve,M,48
Blue Door - Men,985,SP,2023,First Serve,M,48
Blue Door - Men,1025,SP,2024,First Serve,M,48
Blue Door - Men,1050,SP,2025,First Serve,M,48
Blue Door - Women,940,WI,2022,First Serve,F,48
Blue Door - Women,960,WI,2023,First Serve,F,48
Blue Door - Women,998,WI,2024,First Serve,F,48
Blue Door - Women,1038,WI,2025,First Serve,F,48
Blue Door - Women,940,SP,2022,First Serve,F,48
Blue Door - Women,960,SP,2023,First Serve,F,48
Blue Door - Women,985,SP,2024,First Serve,F,48
Blue Door - Women,1038,SP,2025,First Serve,F,48
Greenbrier House ,1295,WI,2022,First Serve,M,6
Greenbrier House ,1295,WI,2023,First Serve,M,6
Greenbrier House ,1320,WI,2024,First Serve,M,6
Greenbrier House ,1330,WI,2025,First Serve,M,6
Greenbrier House ,1295,SP,2022,First Serve,M,6
Greenbrier House ,1295,SP,2023,First Serve,M,6
Greenbrier House ,1295,SP,2024,First Serve,M,6
Greenbrier House ,1330,SP,2025,First Serve,M,6
Jacob's House,1195,WI,2022,First Serve,M,11
Jacob's House,1195,WI,2023,First Serve,M,11
Jacob's House,1220,WI,2024,First Serve,M,11
Jacob's House,1240,WI,2025,First Serve,M,11
Jacob's House,1195,SP,2022,First Serve,M,11
Jacob's House,1195,SP,2023,First Serve,M,11
Jacob's House,1195,SP,2024,First Serve,M,11
Jacob's House,1240,SP,2025,First Serve,M,11
Pincock House,1475,WI,2022,First Serve,M,7
Pincock House,1550,WI,2023,First Serve,M,7
Pincock House,1625,WI,2024,First Serve,M,7
Pincock House,1695,WI,2025,First Serve,M,7
Pincock House,1475,SP,2022,First Serve,M,7
Pincock House,1550,SP,2023,First Serve,M,7
Pincock House,1625,SP,2024,First Serve,M,7
Pincock House,1695,SP,2025,First Serve,M,7
Whitfield House,1335,WI,2022,First Serve,F,7
Whitfield House,1373,WI,2023,First Serve,F,7
Whitfield House,1433,WI,2024,First Serve,F,7
Whitfield House,1493,WI,2025,First Serve,F,7
Whitfield House,1335,SP,2022,First Serve,F,7
Whitfield House,1373,SP,2023,First Serve,F,7
Whitfield House,1433,SP,2024,First Serve,F,7
Whitfield House,1493,SP,2025,First Serve,F,7
Chapman House,1335,WI,2022,First Serve,F,7
Chapman House,1373,WI,2023,First Serve,F,7
Chapman House,1435,WI,2024,First Serve,F,7
Chapman House,1493,WI,2025,First Serve,F,7
Chapman House,1335,SP,2022,First Serve,F,7
Chapman House,1373,SP,2023,First Serve,F,7
Chapman House,1373,SP,2024,First Serve,F,7
Chapman House,1495,SP,2025,First Serve,F,7
Red Door,995,WI,2022,First Serve,M,48
Red Door,995,WI,2023,First Serve,M,48
Red Door,1045,WI,2024,First Serve,M,48
Red Door,1060,WI,2025,First Serve,M,48
Red Door,995,SP,2022,First Serve,M,48
Red Door,995,SP,2023,First Serve,M,48
Red Door,1045,SP,2024,First Serve,M,48
Red Door,1060,SP,2025,First Serve,M,48
Briarwood,1030,WI,2022,First Serve,M,24
Briarwood,1030,WI,2023,First Serve,M,24
Briarwood,1058,WI,2024,First Serve,M,24
Briarwood,1103,WI,2025,First Serve,M,24
Briarwood,1030,SP,2022,First Serve,M,24
Briarwood,1030,SP,2023,First Serve,M,24
Briarwood,1058,SP,2024,First Serve,M,24
Briarwood,1103,SP,2025,First Serve,M,24
Heritage - Men,1300,WI,2022,Redstone,M,372
Heritage - Men,1385,WI,2023,Redstone,M,372
Heritage - Men,1300,WI,2024,Redstone,M,372
Heritage - Men,1420,WI,2025,Redstone,M,372
Heritage - Men,1300,SP,2022,Redstone,M,372
Heritage - Men,1300,SP,2023,Redstone,M,372
Heritage - Men,1400,SP,2024,Redstone,M,372
Heritage - Men,1375,SP,2025,Redstone,M,372
Heritage - Women,1249,WI,2022,Redstone,F,372
Heritage - Women,1300,WI,2023,Redstone,F,372
Heritage - Women,1300,WI,2024,Redstone,F,372
Heritage - Women,1420,WI,2025,Redstone,F,372
Heritage - Women,1300,SP,2022,Redstone,F,372
Heritage - Women,1300,SP,2023,Redstone,F,372
Heritage - Women,1400,SP,2024,Redstone,F,372
Heritage - Women,1375,SP,2025,Redstone,F,372
Hillcrest Townhouses - Men,1220,WI,2022,Covey,M,140
Hillcrest Townhouses - Men,1370,WI,2023,Covey,M,140
Hillcrest Townhouses - Men,1425,WI,2024,Covey,M,140
Hillcrest Townhouses - Men,1425,WI,2025,Covey,M,140
Hillcrest Townhouses - Men,1095,SP,2022,Covey,M,140
Hillcrest Townhouses - Men,1325,SP,2023,Covey,M,140
Hillcrest Townhouses - Men,1350,SP,2024,Covey,M,140
Hillcrest Townhouses - Men,1325,SP,2025,Covey,M,140
Hillcrest Townhouses - Women,1220,WI,2022,Covey,F,140
Hillcrest Townhouses - Women,1370,WI,2023,Covey,F,140
Hillcrest Townhouses - Women,1425,WI,2024,Covey,F,140
Hillcrest Townhouses - Women,1400,WI,2025,Covey,F,140
Hillcrest Townhouses - Women,1145,SP,2022,Covey,F,140
Hillcrest Townhouses - Women,1325,SP,2023,Covey,F,140
Hillcrest Townhouses - Women,1350,SP,2024,Covey,F,140
Hillcrest Townhouses - Women,1350,SP,2025,Covey,F,140
Jordan Ridge,1349,WI,2022,Triton Investments ,M,360
Jordan Ridge,1499,WI,2023,Triton Investments ,M,360
Jordan Ridge,1499,WI,2024,Triton Investments ,M,360
Jordan Ridge,1799,WI,2025,Triton Investments ,M,360
Jordan Ridge,1349,SP,2022,Triton Investments ,M,360
Jordan Ridge,1499,SP,2023,Triton Investments ,M,360
Jordan Ridge,1499,SP,2024,Triton Investments ,M,360
Jordan Ridge,1799,SP,2025,Triton Investments ,M,360
Kensington Manor - Men,1140,WI,2022,Independent,M,216
Kensington Manor - Men,1140,WI,2023,Independent,M,216
Kensington Manor - Men,1175,WI,2024,Independent,M,216
Kensington Manor - Men,1175,WI,2025,Independent,M,216
Kensington Manor - Men,1130,SP,2022,Independent,M,216
Kensington Manor - Men,1140,SP,2023,Independent,M,216
Kensington Manor - Men,1175,SP,2024,Independent,M,216
Kensington Manor - Men,1175,SP,2025,Independent,M,216
Kensington Manor - Women,1265,WI,2022,Independent,M,216
Kensington Manor - Women,1265,WI,2023,Independent,M,216
Kensington Manor - Women,1300,WI,2024,Independent,M,216
Kensington Manor - Women,1300,WI,2025,Independent,M,216
Kensington Manor - Women,1259,SP,2022,Independent,M,216
Kensington Manor - Women,1300,SP,2023,Independent,M,216
Kensington Manor - Women,1300,SP,2024,Independent,M,216
Kensington Manor - Women,1300,SP,2025,Independent,M,216
La Jolla - Men,1179,WI,2022,Redstone,M,306
La Jolla - Men,1179,WI,2023,Redstone,M,306
La Jolla - Men,1179,WI,2024,Redstone,M,306
La Jolla - Men,1179,WI,2025,Redstone,M,306
La Jolla - Men,1179,SP,2022,Redstone,M,306
La Jolla - Men,1179,SP,2023,Redstone,M,306
La Jolla - Men,1179,SP,2024,Redstone,M,306
La Jolla - Men,1179,SP,2025,Redstone,M,306
La Jolla - Women,1179,WI,2022,Redstone,F,306
La Jolla - Women,1179,WI,2023,Redstone,F,306
La Jolla - Women,1179,WI,2024,Redstone,F,306
La Jolla - Women,1179,WI,2025,Redstone,F,306
La Jolla - Women,1179,SP,2022,Redstone,F,306
La Jolla - Women,1179,SP,2023,Redstone,F,306
La Jolla - Women,1179,SP,2024,Redstone,F,306
La Jolla - Women,1179,SP,2025,Redstone,F,306
"Landing, The - Men",1465,WI,2022,Redstone,M,314
"Landing, The - Men",1520,WI,2023,Redstone,M,314
"Landing, The - Men",1540,WI,2024,Redstone,M,314
"Landing, The - Men",1635,WI,2025,Redstone,M,314
"Landing, The - Men",1445,SP,2022,Redstone,M,314
"Landing, The - Men",1470,SP,2023,Redstone,M,314
"Landing, The - Men",1370,SP,2024,Redstone,M,314
"Landing, The - Men",1480,SP,2025,Redstone,M,314
"Landing, The - Women",1465,WI,2022,Redstone,F,314
"Landing, The - Women",1520,WI,2023,Redstone,F,314
"Landing, The - Women",1540,WI,2024,Redstone,F,314
"Landing, The - Women",1635,WI,2025,Redstone,F,314
"Landing, The - Women",1445,SP,2022,Redstone,F,314
"Landing, The - Women",1470,SP,2023,Redstone,F,314
"Landing, The - Women",1370,SP,2024,Redstone,F,314
"Landing, The - Women",1380,SP,2025,Redstone,F,314
Legacy Ridge,1424,WI,2022,Triton Investments ,F,288
Legacy Ridge,1574,WI,2023,Triton Investments ,F,288
Legacy Ridge,1574,WI,2024,Triton Investments ,F,288
Legacy Ridge,1799,WI,2025,Triton Investments ,F,288
Legacy Ridge,1424,SP,2022,Triton Investments ,F,288
Legacy Ridge,1574,SP,2023,Triton Investments ,F,288
Legacy Ridge,1574,SP,2024,Triton Investments ,F,288
Legacy Ridge,1649,SP,2025,Triton Investments ,F,288
"Lodge, The - Men",1484,WI,2022,Ball Venture,M,1024
"Lodge, The - Men",1537,WI,2023,Ball Venture,M,1024
"Lodge, The - Men",1537,WI,2024,Ball Venture,M,1024
"Lodge, The - Men",1587,WI,2025,Ball Venture,M,1024
"Lodge, The - Men",1484,SP,2022,Ball Venture,M,1024
"Lodge, The - Men",1537,SP,2023,Ball Venture,M,1024
"Lodge, The - Men",1287,SP,2024,Ball Venture,M,1024
"Lodge, The - Men",1287,SP,2025,Ball Venture,M,1024
"Lodge, The -Women",1507,WI,2022,Ball Venture,F,1024
"Lodge, The -Women",1676,WI,2023,Ball Venture,F,1024
"Lodge, The -Women",1676,WI,2024,Ball Venture,F,1024
"Lodge, The -Women",1626,WI,2025,Ball Venture,F,1024
"Lodge, The -Women",1507,SP,2022,Ball Venture,F,1024
"Lodge, The -Women",1676,SP,2023,Ball Venture,F,1024
"Lodge, The -Women",1326,SP,2024,Ball Venture,F,1024
"Lodge, The -Women",1359,SP,2025,Ball Venture,F,1024
Milano Flats -Men,1590,WI,2022,Redstone,M,284
Milano Flats -Men,1590,WI,2023,Redstone,M,284
Milano Flats -Men,1795,WI,2024,Redstone,M,284
Milano Flats -Men,1795,WI,2025,Redstone,M,284
Milano Flats -Men,1590,SP,2022,Redstone,M,284
Milano Flats -Men,1790,SP,2023,Redstone,M,284
Milano Flats -Men,1690,SP,2024,Redstone,M,284
Milano Flats -Men,1795,SP,2025,Redstone,M,284
Milano Flats -Women,1590,WI,2022,Redstone,F,284
Milano Flats -Women,1590,WI,2023,Redstone,F,284
Milano Flats -Women,1795,WI,2024,Redstone,F,284
Milano Flats -Women,1795,WI,2025,Redstone,F,284
Milano Flats -Women,1590,SP,2022,Redstone,F,284
Milano Flats -Women,1790,SP,2023,Redstone,F,284
Milano Flats -Women,1690,SP,2024,Redstone,F,284
Milano Flats -Women,1813,SP,2025,Redstone,F,284
Mountain Crest ,1045,WI,2022,Connextion,M,42
Mountain Crest ,1120,WI,2023,Connextion,M,42
Mountain Crest ,1120,WI,2024,Connextion,M,42
Mountain Crest ,1120,WI,2025,Connextion,M,42
Mountain Crest ,920,SP,2022,Connextion,M,42
Mountain Crest ,1020,SP,2023,Connextion,M,42
Mountain Crest ,1120,SP,2024,Connextion,M,42
Mountain Crest ,945,SP,2025,Connextion,M,42
Nauvoo House - Men,1339,WI,2022,Redstone,M,288
Nauvoo House - Men,1339,WI,2023,Redstone,M,288
Nauvoo House - Men,1450,WI,2024,Redstone,M,288
Nauvoo House - Men,1435,WI,2025,Redstone,M,288
Nauvoo House - Men,1339,SP,2022,Redstone,M,288
Nauvoo House - Men,1350,SP,2023,Redstone,M,288
Nauvoo House - Men,1410,SP,2024,Redstone,M,288
Nauvoo House - Men,1390,SP,2025,Redstone,M,288
Nauvoo House - Women,1339,WI,2022,Redstone,F,338
Nauvoo House - Women,1339,WI,2023,Redstone,F,338
Nauvoo House - Women,1390,WI,2024,Redstone,F,338
Nauvoo House - Women,1435,WI,2025,Redstone,F,338
Nauvoo House - Women,1339,SP,2022,Redstone,F,338
Nauvoo House - Women,1450,SP,2023,Redstone,F,338
Nauvoo House - Women,1450,SP,2024,Redstone,F,338
Nauvoo House - Women,1390,SP,2025,Redstone,F,338
Northpoint - Men ,1607,WI,2022,Redstone,M,1024
Northpoint - Men ,1607,WI,2023,Redstone,M,1024
Northpoint - Men ,1685,WI,2024,Redstone,M,1024
Northpoint - Men ,1685,WI,2025,Redstone,M,1024
Northpoint - Men ,1607,SP,2022,Redstone,M,1024
Northpoint - Men ,1607,SP,2023,Redstone,M,1024
Northpoint - Men ,1685,SP,2024,Redstone,M,1024
Northpoint - Men ,1685,SP,2025,Redstone,M,1024
Northpoint - Women,1599,WI,2022,Redstone,F,1024
Northpoint - Women,1599,WI,2023,Redstone,F,1024
Northpoint - Women,1685,WI,2024,Redstone,F,1024
Northpoint - Women,1668,WI,2025,Redstone,F,1024
Northpoint - Women,1599,SP,2022,Redstone,F,1024
Northpoint - Women,1599,SP,2023,Redstone,F,1024
Northpoint - Women,1642,SP,2024,Redstone,F,1024
Northpoint - Women,1668,SP,2025,Redstone,F,1024
Park View Apts - Men,1300,WI,2022,Independent,M,111
Park View Apts - Men,1340,WI,2023,Independent,M,111
Park View Apts - Men,1380,WI,2024,Independent,M,111
Park View Apts - Men,1361,WI,2025,Independent,M,111
Park View Apts - Men,1280,SP,2022,Independent,M,111
Park View Apts - Men,1320,SP,2023,Independent,M,111
Park View Apts - Men,1372,SP,2024,Independent,M,111
Park View Apts - Men,1272,SP,2025,Independent,M,111
Park View Apts - Women,1300,WI,2022,Independent,F,111
Park View Apts - Women,1340,WI,2023,Independent,F,111
Park View Apts - Women,1380,WI,2024,Independent,F,111
Park View Apts - Women,1361,WI,2025,Independent,F,111
Park View Apts - Women,1280,SP,2022,Independent,F,111
Park View Apts - Women,1320,SP,2023,Independent,F,111
Park View Apts - Women,1372,SP,2024,Independent,F,111
Park View Apts - Women,1272,SP,2025,Independent,F,111
"Pines, The - Men",1082,WI,2022,Redstone,M,326
"Pines, The - Men",1094,WI,2023,Redstone,M,326
"Pines, The - Men",1094,WI,2024,Redstone,M,326
"Pines, The - Men",1094,WI,2025,Redstone,M,326
"Pines, The - Men",1082,SP,2022,Redstone,M,326
"Pines, The - Men",892,SP,2023,Redstone,M,326
"Pines, The - Men",1094,SP,2024,Redstone,M,326
"Pines, The - Men",1094,SP,2025,Redstone,M,326
"Pines, The -Women",1100,WI,2022,Redstone,F,326
"Pines, The -Women",1100,WI,2023,Redstone,F,326
"Pines, The -Women",1100,WI,2024,Redstone,F,326
"Pines, The -Women",1050,WI,2025,Redstone,F,326
"Pines, The -Women",1100,SP,2022,Redstone,F,326
"Pines, The -Women",1100,SP,2023,Redstone,F,326
"Pines, The -Women",1100,SP,2024,Redstone,F,326
"Pines, The -Women",1052,SP,2025,Redstone,F,326
Pinnacle Point- Men,1095,WI,2022,Hemming,M,90
Pinnacle Point- Men,995,WI,2023,Hemming,M,90
Pinnacle Point- Men,1150,WI,2024,Hemming,M,90
Pinnacle Point- Men,1300,WI,2025,Hemming,M,90
Pinnacle Point- Men,995,SP,2022,Hemming,M,90
Pinnacle Point- Men,1100,SP,2023,Hemming,M,90
Pinnacle Point- Men,1150,SP,2024,Hemming,M,90
Pinnacle Point- Men,1250,SP,2025,Hemming,M,90
Riviera Apartments - Men,1025,WI,2024,Independent,M,98
Riviera Apartments - Men,1025,WI,2025,Independent,M,98
Riviera Apartments - Men,885,SP,2024,Independent,M,98
Riviera Apartments - Men,885,SP,2025,Independent,M,98
Riviera Apartments - Women,975,WI,2022,Independent,F,98
Riviera Apartments - Women,975,WI,2023,Independent,F,98
Riviera Apartments - Women,975,WI,2024,Independent,F,98
Riviera Apartments - Women,975,WI,2025,Independent,F,98
Riviera Apartments - Women,875,SP,2022,Independent,F,98
Riviera Apartments - Women,875,SP,2023,Independent,F,98
Riviera Apartments - Women,775,SP,2024,Independent,F,98
Riviera Apartments - Women,875,SP,2025,Independent,F,98
Rockland Apartments ,1128,WI,2022,Redstone ,M,150
Rockland Apartments ,1128,WI,2023,Redstone ,M,150
Rockland Apartments ,1300,WI,2024,Redstone ,M,150
Rockland Apartments ,1241,WI,2025,Redstone ,M,150
Rockland Apartments ,1128,SP,2022,Redstone ,M,150
Rockland Apartments ,1128,SP,2023,Redstone ,M,150
Rockland Apartments ,1312,SP,2024,Redstone ,M,150
Rockland Apartments ,1329,SP,2025,Redstone ,M,150
Royal Crest,1050,WI,2022,Craigland,F,342
Royal Crest,995,WI,2023,Craigland,F,342
Royal Crest,995,WI,2024,Craigland,F,342
Royal Crest,1150,WI,2025,Craigland,F,342
Royal Crest,950,SP,2022,Craigland,F,342
Royal Crest,895,SP,2023,Craigland,F,342
Royal Crest,995,SP,2024,Craigland,F,342
Royal Crest,1050,SP,2025,Craigland,F,342
Shelbourne Apartments - Men,1235,WI,2022,Connextion,M,168
Shelbourne Apartments - Men,1270,WI,2023,Connextion,M,168
Shelbourne Apartments - Men,1345,WI,2024,Connextion,M,168
Shelbourne Apartments - Men,1495,WI,2025,Connextion,M,168
Shelbourne Apartments - Men,1235,SP,2022,Connextion,M,168
Shelbourne Apartments - Men,1395,SP,2023,Connextion,M,168
Shelbourne Apartments - Men,1395,SP,2024,Connextion,M,168
Shelbourne Apartments - Men,1495,SP,2025,Connextion,M,168
Snowview Apartments,1095,WI,2022,Independent,F,64
Snowview Apartments,1295,WI,2023,Independent,F,64
Snowview Apartments,1395,WI,2024,Independent,F,64
Snowview Apartments,1320,WI,2025,Independent,F,64
Snowview Apartments,1095,SP,2022,Independent,F,64
Snowview Apartments,1145,SP,2023,Independent,F,64
Snowview Apartments,1345,SP,2024,Independent,F,64
Snowview Apartments,1145,SP,2025,Independent,F,64
Somerset Apartments - Men,1250,WI,2022,Redstone,M,288
Somerset Apartments - Men,1200,WI,2023,Redstone,M,288
Somerset Apartments - Men,1290,WI,2024,Redstone,M,288
Somerset Apartments - Men,1359,WI,2025,Redstone,M,288
Somerset Apartments - Men,1260,SP,2022,Redstone,M,288
Somerset Apartments - Men,1200,SP,2023,Redstone,M,288
Somerset Apartments - Men,1200,SP,2024,Redstone,M,288
Somerset Apartments - Men,1299,SP,2025,Redstone,M,288
Somerset Apartments - Women,1250,WI,2022,Redstone,F,288
Somerset Apartments - Women,1200,WI,2023,Redstone,F,288
Somerset Apartments - Women,1290,WI,2024,Redstone,F,288
Somerset Apartments - Women,1299,WI,2025,Redstone,F,288
Somerset Apartments - Women,1240,SP,2022,Redstone,F,288
Somerset Apartments - Women,1200,SP,2023,Redstone,F,288
Somerset Apartments - Women,1200,SP,2024,Redstone,F,288
Somerset Apartments - Women,1299,SP,2025,Redstone,F,288
Sundance - Men,1555,WI,2022,Connextion,M,308
Sundance - Men,1595,WI,2023,Connextion,M,308
Sundance - Men,1645,WI,2024,Connextion,M,308
Sundance - Men,1645,WI,2025,Connextion,M,308
Sundance - Men,1555,SP,2022,Connextion,M,308
Sundance - Men,1495,SP,2023,Connextion,M,308
Sundance - Men,1445,SP,2024,Connextion,M,308
Sundance - Men,1445,SP,2025,Connextion,M,308
Sundance - Women,1555,WI,2022,Connextion,F,308
Sundance - Women,1595,WI,2023,Connextion,F,308
Sundance - Women,1645,WI,2024,Connextion,F,308
Sundance - Women,1695,WI,2025,Connextion,F,308
Sundance - Women,1555,SP,2022,Connextion,F,308
Sundance - Women,1555,SP,2023,Connextion,F,308
Sundance - Women,1545,SP,2024,Connextion,F,308
Sundance - Women,1495,SP,2025,Connextion,F,308
Towers I,1349,WI,2022,Connextion,M ,168
Towers I,1450,WI,2023,Connextion,M ,168
Towers I,1550,WI,2024,Connextion,M ,168
Towers I,1550,WI,2025,Connextion,M ,168
Towers I,1400,SP,2022,Connextion,M ,168
Towers I,1550,SP,2023,Connextion,M ,168
Towers I,1250,SP,2024,Connextion,M ,168
Towers I,1250,SP,2025,Connextion,M ,168
Towers II ,1445,WI,2022,Connextion,F,248
Towers II ,1495,WI,2023,Connextion,F,248
Towers II ,1645,WI,2024,Connextion,F,248
Towers II ,1545,WI,2025,Connextion,F,248
Towers II ,1470,SP,2022,Connextion,F,248
Towers II ,1595,SP,2023,Connextion,F,248
Towers II ,1199,SP,2024,Connextion,F,248
Towers II ,1245,SP,2025,Connextion,F,248
University View - Men,1300,WI,2022,Redstone,M,714
University View - Men,1350,WI,2023,Redstone,M,714
University View - Men,1350,WI,2024,Redstone,M,714
University View - Men,1400,WI,2025,Redstone,M,714
University View - Men,1350,SP,2022,Redstone,M,714
University View - Men,1500,SP,2023,Redstone,M,714
University View - Men,1350,SP,2024,Redstone,M,714
University View - Men,1500,SP,2025,Redstone,M,714
University View - Women,1300,WI,2022,Redstone,F,714
University View - Women,1350,WI,2023,Redstone,F,714
University View - Women,1350,WI,2024,Redstone,F,714
University View - Women,1525,WI,2025,Redstone,F,714
University View - Women,1350,SP,2022,Redstone,F,714
University View - Women,1500,SP,2023,Redstone,F,714
University View - Women,1350,SP,2024,Redstone,F,714
University View - Women,1613,SP,2025,Redstone,F,714
Windsor Manor - Men,1573,WI,2022,Redstone,M,344
Windsor Manor - Men,1699,WI,2023,Redstone,M,344
Windsor Manor - Men,1695,WI,2024,Redstone,M,344
Windsor Manor - Men,1865,WI,2025,Redstone,M,344
Windsor Manor - Men,1625,SP,2022,Redstone,M,344
Windsor Manor - Men,1565,SP,2023,Redstone,M,344
Windsor Manor - Men,1575,SP,2024,Redstone,M,344
Windsor Manor - Men,1795,SP,2025,Redstone,M,344
Windsor Manor - Women,1585,WI,2022,Redstone,F,344
Windsor Manor - Women,1699,WI,2023,Redstone,F,344
Windsor Manor - Women,1695,WI,2024,Redstone,F,344
Windsor Manor - Women,1765,WI,2025,Redstone,F,344
Windsor Manor - Women,1525,SP,2022,Redstone,F,344
Windsor Manor - Women,1565,SP,2023,Redstone,F,344
Windsor Manor - Women,1575,SP,2024,Redstone,F,344
Windsor Manor - Women,1695,SP,2025,Redstone,F,344
